feed_id,sply_fips,used_qnty,avg_total_cost,avg_dist
corn stover,47079,21523,50.23,99.4
corn stover,21123,14478,52.03,115.8
corn stover,21145,6791,53.12,127.7
corn stover,47099,9769,54.11,119.9
corn stover,21029,889,54.67,138.4
corn stover,31133,14366,57.78,43
corn stover,20131,51409,59.71,88.2
corn stover,6047,274596,60.10,43
corn stover,17003,377,60.56,164
corn stover,6101,6246,63.12,143.8
corn stover,6077,245032,64.28,60
corn stover,31079,298242,64.74,6.9
corn stover,6099,72000,64.89,35.2
corn stover,20117,35636,64.90,69.8
corn stover,31185,339057,65.78,13.2
corn stover,31083,109162,66.88,12.8
corn stover,31059,305336,66.99,18.7
corn stover,6039,37434,67.25,71.5
corn stover,31137,267524,67.27,18.4
corn stover,31159,180508,67.29,14.8
corn stover,31019,294101,67.36,20.5
corn stover,31089,176303,67.48,13.5
corn stover,31177,82956,67.92,12.3
corn stover,46091,114054,68.00,11.9
corn stover,31001,299684,68.20,25.4
corn stover,31081,318674,68.24,24.3
corn stover,31169,164599,68.62,24.4
corn stover,18077,4584,68.82,209.3
corn stover,31119,154146,69.07,20.7
corn stover,31129,112698,69.18,21
corn stover,31003,255245,69.21,26.1
corn stover,31021,170672,69.30,20.3
corn stover,48421,68296,69.50,21.1
corn stover,21151,604,69.55,202.2
corn stover,31099,270029,69.56,31.6
corn stover,31093,146757,69.57,25.9
corn stover,31011,134546,69.68,17.9
corn stover,31151,127405,69.70,21.2
corn stover,31077,100244,70.04,28.5
corn stover,46099,114200,70.07,31.5
corn stover,31143,183610,70.09,31.5
corn stover,31095,125372,70.13,22.3
corn stover,46109,145116,70.17,22.2
corn stover,31035,244635,70.23,31.9
corn stover,31047,332304,70.56,35.3
corn stover,31037,107023,70.58,28.5
corn stover,46061,70376,70.65,19.1
corn stover,48205,208740,70.68,36.5
corn stover,46013,310570,70.78,26
corn stover,31061,130194,70.85,35.1
corn stover,21049,1568,70.86,213.4
corn stover,31139,146757,71.30,35
corn stover,46115,260337,71.32,27.2
corn stover,21141,86104,71.42,69
corn stover,21017,1774,71.49,212.5
corn stover,31181,70325,71.65,27
corn stover,31141,245173,71.69,31.5
corn stover,46035,67124,71.71,32.5
corn stover,31125,106006,71.93,37.2
corn stover,6067,80386,72.36,97.3
corn stover,31039,143745,72.45,38.1
corn stover,31027,188809,72.60,41.3
corn stover,19129,198935,72.66,103.3
corn stover,38021,85278,72.68,26.9
corn stover,31127,79387,72.84,26.3
corn stover,46037,109890,72.93,31.4
corn stover,38045,77346,73.00,0
corn stover,21227,49442,73.01,78.3
corn stover,46011,49302,73.04,40
corn stover,46077,131815,73.10,19.9
corn stover,31055,32823,73.11,34.7
corn stover,46009,57079,73.23,33.2
corn stover,46057,112113,73.46,40
corn stover,31175,103397,74.07,49.4
corn stover,38081,98923,74.12,34.7
corn stover,46079,150782,74.19,42.8
corn stover,20085,33654,74.22,109.6
corn stover,31153,47561,74.22,43.9
corn stover,46027,67138,74.45,37.9
corn stover,31173,111195,74.54,45.1
corn stover,46049,127316,74.72,32.4
corn stover,46097,36918,74.73,32.5
corn stover,31101,113460,74.80,46.6
corn stover,46135,76360,75.06,45.2
corn stover,31053,173646,75.15,45.1
corn stover,31121,175499,75.24,55.6
corn stover,48341,44015,75.43,15.5
corn stover,31149,19273,75.45,57.4
corn stover,31029,170833,75.81,44.7
corn stover,46087,95918,76.13,22.4
corn stover,6095,26982,76.53,113.7
corn stover,31041,308665,76.55,62.7
corn stover,46067,55119,76.91,31.8
corn stover,46107,66678,76.94,23.4
corn stover,31015,16662,77.16,48.5
corn stover,31147,99903,77.20,32.9
corn stover,31067,121832,77.39,35.8
corn stover,46125,144959,77.45,48
corn stover,31063,100968,77.58,49.3
corn stover,31135,155032,77.70,19.5
corn stover,19137,142646,77.82,109.8
corn stover,20043,120353,77.96,88.4
corn stover,46083,141453,78.08,54.7
corn stover,46005,171012,78.24,45.9
corn stover,31155,180607,78.33,57.4
corn stover,46101,158612,78.36,71.7
corn stover,46129,57785,78.37,50
corn stover,8125,169253,78.46,0.1
corn stover,46119,90987,78.57,43.8
corn stover,31073,101069,78.57,71.4
corn stover,31163,86932,78.68,69.9
corn stover,38077,113469,78.70,67.6
corn stover,6031,92688,78.77,114
corn stover,31025,140300,78.83,59.7
corn stover,20013,149455,79.14,60.2
corn stover,46023,132721,79.16,58.2
corn stover,31043,82241,79.28,67.7
corn stover,21215,4853,79.30,161.4
corn stover,46029,97241,79.35,68.3
corn stover,48111,115779,79.38,59.4
corn stover,27133,165474,79.39,0.6
corn stover,38091,17712,79.42,19.1
corn stover,46051,113842,79.47,69.3
corn stover,46039,96679,79.69,66.8
corn stover,27103,175816,79.72,0
corn stover,38093,119818,79.85,43.5
corn stover,19083,234987,79.94,0
corn stover,19041,213880,79.94,0
corn stover,46045,141999,80.31,58.4
corn stover,31107,161703,80.66,63.4
corn stover,27043,163092,80.68,7.6
corn stover,31051,124409,80.70,70.6
corn stover,19109,178043,80.71,3
corn stover,31023,175819,80.73,72.9
corn stover,31131,83481,80.75,29.8
corn stover,31109,90311,80.82,59
corn stover,46043,65402,80.88,66.5
corn stover,27127,288245,81.27,0
corn stover,17203,179222,81.40,0
corn stover,38073,82205,81.46,56.1
corn stover,19173,56998,81.55,114.7
corn stover,46059,171077,81.71,64.4
corn stover,27143,228347,81.80,10.9
corn stover,46111,52459,81.82,68.6
corn stover,26045,25297,81.88,4.1
corn stover,19057,1984,81.91,0
corn stover,17107,213920,82.00,4.1
corn stover,39137,52371,82.11,7.6
corn stover,27073,218104,82.14,11
corn stover,27091,195005,82.23,15
corn stover,46127,103893,82.40,60.8
corn stover,27155,61235,82.46,10.7
corn stover,31085,54703,82.58,33.4
corn stover,6107,430810,82.64,151.2
corn stover,46025,115320,82.68,67.2
corn stover,20083,1156,82.69,261
corn stover,27049,163605,82.74,17.8
corn stover,20027,6166,82.89,126.2
corn stover,19119,275573,83.07,16.1
corn stover,39113,8519,83.07,4.5
corn stover,31097,22830,83.32,8.5
corn stover,27045,147840,83.50,12.4
corn stover,27047,211400,83.53,8.8
corn stover,19161,198360,83.57,12.8
corn stover,18181,87375,83.60,14.8
corn stover,18073,95511,83.62,14.1
corn stover,46069,35306,83.62,44.6
corn stover,19037,159752,83.98,18.2
corn stover,19033,182962,84.05,15
corn stover,38039,12936,84.16,34.5
corn stover,39033,88819,84.31,19.8
corn stover,17201,81482,84.41,13.7
corn stover,55055,30053,84.48,15.7
corn stover,29087,44756,84.49,18.5
corn stover,21185,4386,84.55,152.9
corn stover,55105,174263,84.55,16.1
corn stover,27085,163480,84.57,23.2
corn stover,27011,101510,84.65,16.9
corn stover,19055,162008,84.75,21.9
corn stover,39001,6985,84.79,275
corn stover,27015,227287,84.85,25.6
corn stover,18085,113977,84.95,12.8
corn stover,19075,202332,84.97,24.3
corn stover,27033,22119,84.97,26.2
corn stover,17141,225474,85.10,25
corn stover,27131,102074,85.19,15.4
corn stover,18099,80647,85.20,13.9
corn stover,55139,18729,85.28,18.9
corn stover,27171,14987,85.28,23.7
corn stover,18111,87882,85.30,24.1
corn stover,39069,94156,85.30,15.8
corn stover,27013,276884,85.31,28.2
corn stover,18007,14949,85.32,23
corn stover,21101,60093,85.32,14.5
corn stover,19081,190623,85.36,23.7
corn stover,27099,243762,85.36,26
corn stover,17073,192824,85.37,13.6
corn stover,19069,274736,85.38,24.4
corn stover,19091,193479,85.39,23.4
corn stover,21211,37982,85.43,161.9
corn stover,19195,143070,85.46,24.2
corn stover,17195,245057,85.50,26
corn stover,19009,77390,85.50,22.1
corn stover,46021,63328,85.62,74.1
corn stover,19021,185752,85.66,26.3
corn stover,19065,208410,85.66,21.6
corn stover,29133,8589,85.74,198.7
corn stover,19147,188715,85.75,25.5
corn stover,17039,26027,85.86,20.2
corn stover,17011,385014,85.89,29.2
corn stover,17007,95220,85.92,18.4
corn stover,19079,181076,85.95,24.1
corn stover,19093,124838,85.98,13.5
corn stover,17099,193963,86.02,29.2
corn stover,18057,26752,86.05,18.1
corn stover,27149,175282,86.08,25.9
corn stover,31167,83676,86.17,81.2
corn stover,19047,134703,86.23,27.2
corn stover,31145,64017,86.26,73.5
corn stover,17071,103991,86.28,16.4
corn stover,17155,53222,86.33,30.6
corn stover,39057,25553,86.35,24.7
corn stover,17161,84209,86.39,24.7
corn stover,17179,142594,86.45,30.4
corn stover,27039,113712,86.51,38.2
corn stover,18129,11641,86.53,19.7
corn stover,26015,6547,86.56,27.5
corn stover,18159,4263,86.64,31.6
corn stover,55135,51530,86.64,25.2
corn stover,19105,118767,86.71,16.5
corn stover,17143,133589,86.74,25.7
corn stover,39135,45755,86.79,21.9
corn stover,46089,74956,86.82,82.8
corn stover,39023,51060,86.83,30.8
corn stover,27147,134126,86.87,33
corn stover,27117,141169,86.88,28.4
corn stover,46065,32282,86.89,62
corn stover,19023,172579,86.90,32.3
corn stover,27093,123500,86.91,16.2
corn stover,17037,312825,86.91,33.9
corn stover,26065,48228,86.92,30.5
corn stover,20177,3980,86.93,148.6
corn stover,39109,33435,86.93,23.1
corn stover,31057,74857,86.93,73.1
corn stover,27079,121900,86.94,32.5
corn stover,26025,12934,86.97,27.8
corn stover,18063,23676,87.09,22.8
corn stover,19197,201307,87.28,34.1
corn stover,18157,53773,87.32,33.9
corn stover,38029,79883,87.32,75.4
corn stover,18097,6298,87.37,14.5
corn stover,55087,76533,87.39,31.4
corn stover,27105,229620,87.40,28.4
corn stover,27055,9296,87.60,38.9
corn stover,17123,146119,87.66,34.4
corn stover,19043,29397,87.67,37.4
corn stover,27157,91786,87.67,32
corn stover,19141,234405,87.73,38.8
corn stover,38003,79472,87.75,55.9
corn stover,39037,21043,87.79,29.9
corn stover,19115,82605,87.80,24.5
corn stover,27063,202256,87.83,46.1
corn stover,26067,76701,87.84,34.7
corn stover,20061,2320,87.91,149.2
corn stover,17187,193116,87.91,30.8
corn stover,27161,162226,87.96,39.9
corn stover,18049,73262,87.97,34
corn stover,27165,191150,88.04,42.6
corn stover,27023,196824,88.09,38.3
corn stover,26037,78044,88.13,36
corn stover,27067,81572,88.18,42.4
corn stover,28027,9674,88.20,20.9
corn stover,39051,74083,88.21,33.1
corn stover,39077,20904,88.25,26
corn stover,27151,260539,88.27,40.4
corn stover,26017,16371,88.28,42.9
corn stover,19113,173148,88.40,30.4
corn stover,19073,143451,88.43,29.5
corn stover,39143,35918,88.46,37.7
corn stover,39063,6469,88.48,38
corn stover,21225,28532,88.53,34.2
corn stover,39139,11954,88.53,33
corn stover,19167,276905,88.57,41.5
corn stover,18015,33437,88.60,38.6
corn stover,19085,185072,88.64,25.1
corn stover,27109,55333,88.68,46.5
corn stover,17167,135613,88.71,38.6
corn stover,19061,6056,88.72,39.9
corn stover,27051,126376,88.73,30.9
corn stover,18163,3807,88.77,5.5
corn stover,27169,88279,88.78,35.5
corn stover,27121,114460,88.78,42.4
corn stover,19089,145517,88.79,41.4
corn stover,17113,156137,88.83,37.7
corn stover,8095,83475,88.83,38.7
corn stover,19087,6541,88.83,28.7
corn stover,39101,28772,88.84,38.5
corn stover,55127,48961,88.88,36.5
corn stover,19155,258234,88.88,33.3
corn stover,18141,57941,88.90,35.7
corn stover,17075,160654,88.94,35.5
corn stover,31017,64121,88.98,125.9
corn stover,27141,12760,89.01,40.3
corn stover,39043,20714,89.02,35.8
corn stover,39003,46468,89.09,34.9
corn stover,18095,22477,89.15,41.1
corn stover,19045,153383,89.19,44.2
corn stover,46003,85188,89.19,107.3
corn stover,21059,52981,89.20,38.7
corn stover,39025,9618,89.21,146.5
corn stover,27129,339567,89.22,42.2
corn stover,19049,98352,89.22,12.5
corn stover,18011,21139,89.22,37.2
corn stover,55137,26490,89.22,40.1
corn stover,19163,78940,89.32,26.6
corn stover,55025,153761,89.34,39
corn stover,26157,30021,89.34,42.3
corn stover,19097,35264,89.35,38.6
corn stover,27019,67505,89.35,38.2
corn stover,18183,15028,89.42,32.4
corn stover,48195,33914,89.47,63
corn stover,19063,58645,89.51,47.9
corn stover,21233,24584,89.60,33.8
corn stover,19035,91544,89.63,46.5
corn stover,19025,159999,89.67,37.5
corn stover,39039,36566,89.74,33
corn stover,19143,177059,89.75,44.2
corn stover,38017,243927,89.80,106.4
corn stover,18177,42194,89.82,37.7
corn stover,21103,5508,89.87,167.9
corn stover,28151,13278,89.91,54
corn stover,55097,33459,89.91,41
corn stover,39005,17598,90.09,40.6
corn stover,20069,29048,90.13,295
corn stover,24021,12911,90.16,24.4
corn stover,17103,304520,90.29,37.3
corn stover,19005,11798,90.34,48.3
corn stover,37171,6926,90.35,27.5
corn stover,39027,28142,90.38,42.6
corn stover,17147,44487,90.40,47.3
corn stover,19015,132769,90.48,44.1
corn stover,28133,43483,90.50,26.1
corn stover,17067,29011,90.51,40.6
corn stover,39021,52966,90.52,43.7
corn stover,19067,154519,90.57,47.1
corn stover,18089,54145,90.59,50.6
corn stover,19077,41440,90.63,42.1
corn stover,19019,239791,90.68,50
corn stover,42001,17296,90.76,17.1
corn stover,26093,22560,90.78,50.7
corn stover,46015,96904,90.78,114.5
corn stover,38035,81960,90.79,90.1
corn stover,29005,76485,90.88,42.9
corn stover,19013,169067,91.09,49.5
corn stover,38047,13863,91.11,49
corn stover,55047,42897,91.16,46.3
corn stover,39097,56784,91.19,52.8
corn stover,19031,149366,91.24,41.3
corn stover,17129,20226,91.25,41.1
corn stover,55133,21555,91.27,40.8
corn stover,55045,29212,91.35,47.9
corn stover,39095,23344,91.40,51.6
corn stover,55115,23875,91.42,51.4
corn stover,18169,13818,91.46,47.2
corn stover,39117,7338,91.49,46.1
corn stover,17193,75590,91.53,41.2
corn stover,27041,48699,91.58,44
corn stover,39165,5557,91.59,39.4
corn stover,27145,212745,91.66,37.5
corn stover,39071,62002,91.67,188
corn stover,19189,35205,91.70,55.7
corn stover,39047,50305,91.71,48.7
corn stover,28083,22812,91.72,59.5
corn stover,39173,121821,91.75,47.1
corn stover,19001,50117,91.76,40.7
corn stover,18067,9441,91.82,53
corn stover,38063,13643,91.84,72.7
corn stover,18113,22039,91.88,44.9
corn stover,55101,31654,91.90,53.9
corn stover,39093,9353,91.90,51.2
corn stover,42133,33233,91.95,40.7
corn stover,18023,36036,92.14,56.4
corn stover,26147,23726,92.17,58.4
corn stover,18017,19763,92.17,41.1
corn stover,39123,24085,92.30,51.7
corn stover,17021,37878,92.33,57.5
corn stover,18051,13831,92.33,28.2
corn stover,21149,18705,92.35,47.2
corn stover,55027,172144,92.36,48.4
corn stover,17185,4933,92.43,41.4
corn stover,38031,32123,92.48,78.5
corn stover,38071,35348,92.53,108.8
corn stover,18171,12150,92.62,46.2
corn stover,18145,26616,92.65,48.6
corn stover,18045,36161,92.66,58.7
corn stover,17109,170046,92.69,52
corn stover,27101,186051,92.71,48.8
corn stover,18107,86639,92.72,54.8
corn stover,26075,27746,92.75,37.1
corn stover,19099,60747,92.75,62.6
corn stover,18081,4561,92.80,42.2
corn stover,19145,42723,92.84,52.8
corn stover,26111,5507,92.85,62.3
corn stover,42055,10194,92.85,36.4
corn stover,26155,35776,92.86,56.5
corn stover,17175,129354,92.87,59.6
corn stover,29021,35688,92.87,55.4
corn stover,39103,8662,92.88,52.5
corn stover,39017,16008,92.93,50.7
corn stover,17111,52225,92.97,58.9
corn stover,26057,61221,93.04,63.5
corn stover,19139,79555,93.09,47.2
corn stover,17095,106581,93.12,58.2
corn stover,47161,820,93.16,163.9
corn stover,27083,177524,93.19,62.3
corn stover,27081,101762,93.19,62.6
corn stover,17019,100888,93.20,60.1
corn stover,18127,19932,93.23,53.8
corn stover,18109,10107,93.26,43.7
corn stover,18135,60288,93.29,53.5
corn stover,21091,4660,93.34,54.8
corn stover,26081,24322,93.49,63.7
corn stover,17105,130230,93.50,61.6
corn stover,26027,27636,93.56,60.3
corn stover,18003,50451,93.63,53.7
corn stover,19111,21764,93.66,27.4
corn stover,18133,36946,93.70,54.8
corn stover,39091,44125,93.71,62.3
corn stover,39175,68478,93.73,61
corn stover,27167,85999,93.76,46.6
corn stover,39065,54057,93.77,60.3
corn stover,18103,6309,93.83,55.8
corn stover,27163,26189,93.84,64
corn stover,27009,11717,93.96,56.1
corn stover,17139,17444,93.96,60.5
corn stover,17059,11180,94.00,54.2
corn stover,18161,17111,94.01,48
corn stover,55009,39590,94.02,52
corn stover,21209,1728,94.04,199.3
corn stover,18147,16240,94.04,29.7
corn stover,19071,75276,94.07,49.4
corn stover,39049,21573,94.12,70.6
corn stover,27053,8473,94.12,71.9
corn stover,39149,30167,94.12,63.3
corn stover,39169,25652,94.16,61.6
corn stover,39011,33759,94.25,56.8
corn stover,55011,14368,94.34,66.1
corn stover,39159,36103,94.35,64.8
corn stover,19169,115600,94.36,62.7
corn stover,26151,119975,94.36,59.3
corn stover,26159,29500,94.38,74.7
corn stover,28119,1548,94.47,37.9
corn stover,24043,13902,94.48,39.1
corn stover,18083,33237,94.52,55.8
corn stover,39147,40590,94.53,60.3
corn stover,24031,11065,94.55,50.2
corn stover,26117,41560,94.65,62.2
corn stover,48069,123471,94.69,133.3
corn stover,26023,44618,94.70,54.8
corn stover,18031,9594,94.77,68.7
corn stover,28135,10319,94.80,57.3
corn stover,18065,4703,94.83,60.8
corn stover,19131,178568,94.91,71
corn stover,18027,13104,95.07,59.2
corn stover,39061,2126,95.16,56.2
corn stover,51107,4728,95.19,54.7
corn stover,18053,34008,95.25,69.7
corn stover,19193,134778,95.30,63
corn stover,17101,20370,95.35,64.6
corn stover,29147,56365,95.44,45
corn stover,18047,6301,95.45,65.1
corn stover,19103,36865,95.46,79.8
corn stover,17057,23524,95.50,65.8
corn stover,18041,8113,95.52,61.5
corn stover,47055,15840,95.61,191.5
corn stover,39107,11422,95.61,63.1
corn stover,18149,39404,95.62,46.4
corn stover,26059,38263,95.63,68.8
corn stover,26161,25668,95.63,65.5
corn stover,18091,61586,95.64,45.2
corn stover,39083,28530,95.67,66.5
corn stover,39161,81389,95.68,56.5
corn stover,18005,27566,95.76,62.9
corn stover,26005,30212,95.78,71.1
corn stover,26145,28100,95.81,75.3
corn stover,26011,11401,95.83,78.6
corn stover,26049,15395,95.83,72.2
corn stover,18121,12580,95.86,65.2
corn stover,19127,131272,95.93,77.3
corn stover,21107,18032,95.96,51.6
corn stover,24025,13982,95.98,60
corn stover,21097,4806,96.00,203.6
corn stover,21213,60172,96.05,199
corn stover,55039,59923,96.06,76.2
corn stover,17089,111411,96.07,75.6
corn stover,26149,56177,96.13,73.1
corn stover,42071,23402,96.14,66.7
corn stover,18131,79123,96.16,51.7
corn stover,27003,3819,96.17,57.3
corn stover,18035,66684,96.20,71.1
corn stover,55063,34082,96.21,62.6
corn stover,18139,67066,96.22,58.1
corn stover,31123,80065,96.34,184.7
corn stover,39041,16081,96.39,71.5
corn stover,38097,69753,96.47,143.1
corn stover,55061,23829,96.53,75.6
corn stover,55117,41245,96.62,72.1
corn stover,17091,72898,96.64,77.1
corn stover,17085,37701,96.66,76.9
corn stover,20081,71546,96.66,326.5
corn stover,55001,13875,96.68,67.6
corn stover,18087,19932,96.71,62.4
corn stover,28143,880,96.71,55
corn stover,37197,8349,96.77,55.3
corn stover,21183,31435,96.80,65.2
corn stover,46073,41091,96.82,116.6
corn stover,26051,5254,96.84,83.6
corn stover,18059,1722,96.91,79.1
corn stover,46031,36652,96.96,113.4
corn stover,20189,64697,96.98,128.3
corn stover,39075,12519,97.02,72.8
corn stover,18021,12337,97.03,73.7
corn stover,26091,33815,97.23,73.4
corn stover,17183,29519,97.23,82.9
corn stover,38051,21658,97.28,92.7
corn stover,19183,88667,97.29,75.7
corn stover,18069,38395,97.47,70.9
corn stover,39125,75291,97.54,66.2
corn stover,19157,24216,97.55,88.5
corn stover,19181,40319,97.58,62.1
corn stover,27153,16874,97.67,74.5
corn stover,26139,35957,97.69,81
corn stover,46085,35822,97.78,119.8
corn stover,28107,8427,97.88,59.6
corn stover,26073,39625,97.98,83.4
corn stover,55141,6331,98.00,71.3
corn stover,55121,27341,98.07,80.9
corn stover,55077,6252,98.14,60.6
corn stover,18009,25507,98.19,80.9
corn stover,28161,1530,98.30,84.5
corn stover,37193,1346,98.31,60.2
corn stover,55059,36616,98.38,78.7
corn stover,21007,22294,98.44,210.9
corn stover,37097,14854,98.44,72.3
corn stover,18153,11579,98.48,84.4
corn stover,26125,2238,98.56,79.9
corn stover,18165,24091,98.76,74.8
corn stover,42057,2048,98.94,51.1
corn stover,26087,20699,98.97,93.7
corn stover,27111,70373,99.00,84.6
corn stover,55091,26431,99.04,81.5
corn stover,24003,2754,99.06,69.5
corn stover,39015,24996,99.10,229.9
corn stover,1089,47934,99.14,207.4
corn stover,17127,27362,99.24,217.5
corn stover,26063,125062,99.25,80.3
corn stover,18151,22896,99.32,75
corn stover,27027,34364,99.33,78.1
corn stover,21105,48906,99.36,199.2
corn stover,55093,39845,99.38,82.1
corn stover,51043,2303,99.47,65.5
corn stover,42043,6814,99.63,67.2
corn stover,55023,26118,99.71,88.1
corn stover,26129,13625,99.75,90.2
corn stover,39151,28311,99.90,90
corn stover,55131,15510,99.91,81.6
corn stover,48179,1957,99.97,89.1
corn stover,55081,25321,99.97,93.1
corn stover,31065,98241,100.08,139.9
corn stover,19151,262449,100.11,98.4
corn stover,28051,6002,100.12,95.1
corn stover,5017,35222,100.14,68.9
corn stover,35059,17796,100.19,101.6
corn stover,21047,45329,100.20,82.3
corn stover,51061,4288,100.24,87
corn stover,55123,29050,100.29,92.4
corn stover,42075,5455,100.33,79.1
corn stover,5003,18602,100.36,104.4
corn stover,29049,14571,100.43,78.8
corn stover,55073,38786,100.46,81.3
corn stover,21039,27884,100.51,213.6
corn stover,39129,41138,100.53,88.1
corn stover,47015,8052,100.60,210.9
corn stover,31183,26024,100.66,127.1
corn stover,39157,7803,100.74,92.6
corn stover,27173,216930,100.83,87.1
corn stover,55089,6291,100.87,92
corn stover,47031,29836,100.92,218.1
corn stover,20187,13132,101.00,141.5
corn stover,21033,19329,101.00,76
corn stover,8087,3082,101.10,83.9
corn stover,6103,2710,101.23,242.2
corn stover,38095,8402,101.26,155
corn stover,39171,52356,101.36,86
corn stover,21231,7484,101.38,218.4
corn stover,8075,43365,101.44,91.8
corn stover,21001,11238,101.55,213.8
corn stover,55067,8070,101.59,86.2
corn stover,55083,21996,101.62,100.2
corn stover,42009,9443,101.66,85
corn stover,42029,18711,101.79,93.3
corn stover,55053,22326,101.86,99.2
corn stover,21169,1888,101.89,215.4
corn stover,17191,20290,101.91,69.3
corn stover,39031,4297,102.04,97.1
corn stover,28163,35349,102.09,106.7
corn stover,17025,30078,102.12,95.8
corn stover,39133,11384,102.35,91.1
corn stover,29207,18978,102.40,227.1
corn stover,26035,2471,102.51,97.4
corn stover,21053,704,102.52,222.3
corn stover,21009,17576,102.61,214.5
corn stover,26115,40194,102.65,95.5
corn stover,48189,33863,102.71,148.3
corn stover,20175,89454,102.93,255.3
corn stover,17081,18272,102.99,89.1
corn stover,55029,9008,103.05,98.3
corn stover,29013,14570,103.09,227.2
corn stover,37059,4547,103.10,70.9
corn stover,5095,7343,103.23,85.3
corn stover,38103,36861,103.25,113
corn stover,39055,1114,103.39,104.2
corn stover,26133,8397,103.46,108.8
corn stover,55069,4828,103.53,106.8
corn stover,21031,4841,103.71,84
corn stover,8063,107746,103.71,73.8
corn stover,55019,11606,103.74,101.9
corn stover,39089,32447,103.90,93.5
corn stover,21087,10616,103.95,228.1
corn stover,37089,3704,104.07,242.5
corn stover,55057,24111,104.07,113.4
corn stover,29047,4207,104.08,101
corn stover,17017,96268,104.22,106.3
corn stover,17041,20602,104.28,113.4
corn stover,55033,46525,104.34,108.6
corn stover,55111,27266,104.39,111.2
corn stover,8123,145536,104.43,137.1
corn stover,17045,106673,104.46,123.5
corn stover,26021,27862,104.48,103.8
corn stover,21219,32338,104.49,101.9
corn stover,24035,52996,104.54,92.4
corn stover,38005,29813,104.65,125.1
corn stover,29061,23639,104.73,101.2
corn stover,21061,1456,104.86,223.8
corn stover,39155,15779,104.98,118.5
corn stover,17033,5798,105.01,87.6
corn stover,31013,15622,105.10,382.7
corn stover,17079,14605,105.34,100.3
corn stover,54031,1419,105.36,126.4
corn stover,55043,53751,105.36,125.7
corn stover,39099,11490,105.49,109.6
corn stover,51047,8589,105.65,109.5
corn stover,20157,43354,105.77,149.5
corn stover,42061,10892,105.85,94.9
corn stover,39029,13191,105.91,118.3
corn stover,26107,23666,106.01,106.3
corn stover,24011,33535,106.22,107.1
corn stover,31157,167636,106.33,307.2
corn stover,39119,4799,106.35,116.5
corn stover,18075,31444,106.50,109.1
corn stover,34033,2503,106.66,119.8
corn stover,42067,4247,106.69,89.2
corn stover,39045,33770,106.72,116.1
corn stover,18001,26452,106.73,117.4
corn stover,51139,974,107.06,112.1
corn stover,18167,1897,107.07,111.6
corn stover,39141,47441,107.11,248.6
corn stover,18143,7555,107.14,102.6
corn stover,42107,4164,107.16,109.2
corn stover,17121,10552,107.22,117.3
corn stover,42087,3450,107.23,104.1
corn stover,20193,1151,107.24,112
corn stover,42013,9149,107.24,118.6
corn stover,19011,209649,107.28,126.1
corn stover,42119,8967,107.37,111
corn stover,24041,18115,107.49,105.9
corn stover,28149,9282,107.50,129
corn stover,17035,5831,107.53,130.6
corn stover,17137,47090,107.58,116.6
corn stover,39127,4648,107.63,119.9
corn stover,42097,21254,107.63,109.6
corn stover,5043,3733,107.67,112
corn stover,42109,11810,107.70,101.4
corn stover,51113,6614,107.77,125.6
corn stover,27087,43776,107.79,123.7
corn stover,27107,667,107.79,97.3
corn stover,55035,38401,107.91,126.7
corn stover,22123,5596,107.92,100.9
corn stover,42011,12677,107.99,96.8
corn stover,55119,613,108.20,125.1
corn stover,26163,1080,108.24,118.8
corn stover,26113,23468,108.34,139.1
corn stover,27005,28946,108.36,110.1
corn stover,28093,3294,108.38,111.2
corn stover,17169,4719,108.43,126.1
corn stover,24029,10642,108.48,111.4
corn stover,51171,3774,108.52,109.5
corn stover,21067,4646,108.54,275.3
corn stover,46053,34888,108.66,192.2
corn stover,51137,5985,109.09,126.2
corn stover,17023,9308,109.13,113.8
corn stover,19175,28951,109.18,115.9
corn stover,39007,15794,109.19,135.3
corn stover,20185,21822,109.34,274.2
corn stover,39067,1950,109.56,122.3
corn stover,26123,23479,109.58,127.9
corn stover,39019,4993,109.61,117.1
corn stover,24019,21145,109.68,124.9
corn stover,26121,15928,109.70,131.1
corn stover,42077,12468,109.92,130.8
corn stover,24023,1462,109.94,135
corn stover,5035,6152,110.24,110.3
corn stover,39073,682,110.28,132.6
corn stover,18033,14264,110.30,128
corn stover,42085,9892,110.33,141.9
corn stover,22083,13524,110.33,147.6
corn stover,55103,15443,110.45,137.4
corn stover,42073,2521,110.55,136.7
corn stover,22067,66890,110.60,125.8
corn stover,42093,2811,110.63,123.7
corn stover,18179,36157,110.68,132.4
corn stover,19123,9959,110.72,154.2
corn stover,17049,8642,110.73,132.1
corn stover,28155,1464,110.79,114.8
corn stover,28009,1698,110.81,127.5
corn stover,42021,1412,110.90,128.1
corn stover,17053,24836,110.91,141.5
corn stover,17029,36656,111.01,140.5
corn stover,29107,12807,111.13,150.1
corn stover,10001,20291,111.32,132
corn stover,28017,978,111.34,117.3
corn stover,51165,19426,111.37,146.8
corn stover,17009,5732,111.71,141.9
corn stover,10005,29326,111.80,136.6
corn stover,47167,8463,111.85,135.6
corn stover,26099,11900,112.13,156.9
corn stover,46123,66223,112.52,189.7
corn stover,37025,2194,112.57,119.6
corn stover,42095,4229,112.71,148.1
corn stover,34011,1280,113.01,141.7
corn stover,5079,3584,113.33,133
corn stover,19125,27311,113.36,162.4
corn stover,42037,8195,113.70,135.7
corn stover,19101,16863,113.78,120.3
corn stover,38067,13064,113.84,141.9
corn stover,42027,12134,114.16,136.6
corn stover,22065,41154,114.38,137.8
corn stover,26119,612,114.41,153.2
corn stover,21093,48300,114.94,298.4
corn stover,55099,194,115.04,150
corn stover,17031,2347,115.11,166
corn stover,27125,9249,115.25,131.7
corn stover,38069,14408,115.37,162.5
corn stover,26105,10454,115.44,145.3
corn stover,51177,1435,115.55,136.2
corn stover,28087,5691,115.95,166.6
corn stover,22107,1283,116.05,171.1
corn stover,22041,82502,116.09,160.8
corn stover,42079,2457,116.11,159.5
corn stover,38009,5160,116.14,220.9
corn stover,21021,6480,116.23,315.7
corn stover,27159,3545,116.29,166.7
corn stover,17051,5634,116.45,174.9
corn stover,13165,2374,116.62,457.1
corn stover,17001,22836,116.69,160.3
corn stover,13321,833,116.69,463.5
corn stover,17171,11142,116.70,172.6
corn stover,13277,424,116.72,468.8
corn stover,42017,5758,116.90,140.7
corn stover,47075,12184,116.91,158.5
corn stover,26007,1605,116.97,165.5
corn stover,29195,31507,117.16,166.8
corn stover,13279,1384,117.23,464.8
corn stover,38055,26421,117.27,187.6
corn stover,51101,13946,117.34,175.1
corn stover,17197,30346,117.51,176.5
corn stover,17063,31551,117.58,185.4
corn stover,51015,11597,117.69,176.9
corn stover,26109,873,117.73,148.4
corn stover,42081,5316,117.88,153.7
corn stover,13099,2799,117.90,457.2
corn stover,17149,6297,117.91,175.3
corn stover,47047,5317,118.00,138.6
corn stover,26165,3026,118.03,146.2
corn stover,34041,5048,118.11,171.8
corn stover,28103,1184,118.25,178.1
corn stover,13155,932,118.26,474.5
corn stover,55017,84858,118.36,170.3
corn stover,19179,16347,118.48,141.8
corn stover,21045,6522,118.51,312.7
corn stover,21167,7862,118.52,315.9
corn stover,5031,1806,118.81,156.8
corn stover,26009,2357,118.83,167.9
corn stover,26127,13088,118.92,161.8
corn stover,13161,1168,118.95,473.6
corn stover,13095,890,118.96,472.1
corn stover,42089,1160,119.11,177.4
corn stover,5069,2992,119.16,153.5
corn stover,47097,16766,119.18,153.7
corn stover,34019,4915,119.43,178.1
corn stover,17097,8678,119.61,164.1
corn stover,13037,13222,119.82,469.2
corn stover,26141,4664,120.01,191.7
corn stover,13267,2484,120.10,479.9
corn stover,55107,3821,120.18,179.2
corn stover,17061,16896,120.22,192.1
corn stover,28095,3144,120.51,150.3
corn stover,45079,5626,120.65,333.1
corn stover,17093,29532,120.70,210
corn stover,34023,703,120.78,180.3
corn stover,13253,16057,120.83,464.1
corn stover,27037,109044,120.93,207.4
corn stover,13031,2097,120.93,487.7
corn stover,45017,4216,121.01,485.3
corn stover,29145,8218,121.07,328.9
corn stover,13069,2974,121.34,481.9
corn stover,34025,203,121.47,181.6
corn stover,21161,4994,121.47,307
corn stover,39131,18278,121.57,321.8
corn stover,45009,3801,121.60,486
corn stover,42033,757,121.66,158.7
corn stover,13075,856,121.71,494.8
corn stover,24039,13721,121.95,169.8
corn stover,13001,2822,122.01,488.6
corn stover,51057,12102,122.05,167.9
corn stover,13019,1866,122.12,493.5
corn stover,26101,1858,122.30,172.9
corn stover,51001,18608,122.38,188.8
corn stover,29155,4064,122.83,189.5
corn stover,27097,94265,122.86,195.3
corn stover,42005,3555,122.88,178.9
corn stover,45075,23243,122.97,494.3
corn stover,13205,3487,122.99,491.7
corn stover,26029,1819,123.07,202.7
corn stover,39145,6348,123.15,331.5
corn stover,45061,16055,123.32,498.5
corn stover,51133,6083,123.46,200.5
corn stover,39059,3080,123.51,196.6
corn stover,26055,167,123.86,173
corn stover,21173,788,123.88,328
corn stover,51119,4735,123.95,197.6
corn stover,42015,2558,124.35,194.5
corn stover,34035,764,124.37,187.9
corn stover,21135,352,124.40,331.6
corn stover,45049,3256,124.52,500
corn stover,22029,1324,124.58,208.5
corn stover,45085,15820,124.79,495.6
corn stover,13033,18948,125.03,373.4
corn stover,47045,23203,125.05,180.4
corn stover,13087,2338,125.06,484.5
corn stover,1033,22563,125.28,199.9
corn stover,42035,2270,125.29,185.4
corn stover,13003,2157,125.29,508.8
corn stover,13163,10138,125.35,374.7
corn stover,29069,6155,125.48,210.1
corn stover,27035,5789,125.50,210.6
corn stover,42031,2879,125.71,210.9
corn stover,45061,32110,125.73,354.8
corn stover,42019,13117,125.89,203.6
corn stover,34037,3887,126.15,193.5
corn stover,38065,1151,126.21,215.8
corn stover,42117,1754,126.24,194.1
corn stover,45017,8432,126.35,366.6
corn stover,45031,19417,126.41,496
corn stover,45031,19417,126.41,496
corn stover,42007,705,126.42,214.3
corn stover,45085,31640,126.56,362.1
corn stover,13103,792,126.65,504.5
corn stover,13027,5761,127.01,520.3
corn stover,51073,4107,127.15,213.3
corn stover,38025,12317,128.31,263.1
corn stover,45075,46486,128.31,375.6
corn stover,38089,13484,128.34,264.9
corn stover,1121,9910,128.42,360.4
corn stover,45027,21831,128.60,515.9
corn stover,38041,18742,128.71,290
corn stover,13131,1395,129.20,520.3
corn stover,13131,1395,129.20,520.3
corn stover,13305,1785,129.38,522
corn stover,13165,4748,129.46,393.1
corn stover,13167,1632,129.47,389.4
corn stover,20097,21733,129.47,420.6
corn stover,22025,15586,129.60,215.7
corn stover,13229,1141,129.67,524.4
corn stover,5073,3354,129.79,216.6
corn stover,45009,7602,130.15,380.4
corn stover,55065,52870,130.32,371.2
corn stover,13175,2900,130.47,397.5
corn stover,55049,59914,130.73,395.4
corn stover,45041,4718,130.99,536.6
corn stover,51135,1310,131.09,233.5
corn stover,45027,43662,131.14,383.4
corn stover,27095,10036,131.15,245.9
corn stover,36015,198,131.17,223.7
corn stover,47095,7341,131.40,204
corn stover,37155,7485,131.57,205.2
corn stover,47131,27650,131.67,205.8
corn stover,45041,9436,132.08,382.3
corn stover,51019,1713,132.54,250.5
corn stover,13023,7296,133.07,404.3
corn stover,36101,229,133.18,235.3
corn stover,36071,2278,133.47,231.1
corn stover,37141,8995,133.75,267.6
corn stover,13107,1574,134.22,403.8
corn stover,13031,4194,134.40,417.7
corn stover,45015,647,134.43,549.1
corn stover,45015,647,134.43,549.1
corn stover,42105,929,134.53,237.8
corn stover,36107,8184,135.10,231.3
corn stover,13091,2712,135.15,415.9
corn stover,27139,35474,135.18,264.6
corn stover,45049,6512,135.23,403.6
corn stover,29201,18931,135.51,254.3
corn stover,13193,6962,135.66,417.6
corn stover,13279,2768,135.67,426.7
corn stover,29007,46066,135.68,235.4
corn stover,27059,14791,135.72,273.6
corn stover,36097,5273,135.98,245
corn stover,13309,1526,136.06,427.3
corn stover,38053,3358,136.17,298.7
corn stover,13093,5038,136.20,426
corn stover,51025,471,136.55,252.5
corn stover,38001,10717,136.60,317.2
corn stover,36109,290,136.74,251.9
corn stover,13153,2990,136.81,409.9
corn stover,27065,15426,136.83,278.6
corn stover,13267,4968,137.23,434.1
corn stover,27025,5351,137.27,287.2
corn stover,17135,14706,137.27,287.3
corn stover,36017,191,137.44,274.8
corn stover,13235,3656,137.57,418.1
corn stover,39167,2526,137.61,283.1
corn stover,42039,8756,137.69,280.1
corn stover,37029,569,137.80,305.5
corn stover,13103,1584,138.09,420.6
corn stover,13081,3558,138.09,439.9
corn stover,45067,3735,138.32,240.8
corn stover,13315,1892,138.52,438.2
corn stover,37053,2180,138.52,306.5
corn stover,36123,4905,138.73,267.8
corn stover,5081,7092,139.03,267.5
corn stover,36027,2820,139.07,276.8
corn stover,13161,2336,139.10,442.1
corn stover,29163,8183,139.46,261.6
corn stover,55109,32412,139.54,303.2
corn stover,37013,23879,139.69,261.9
corn stover,36099,29049,140.00,273.2
corn stover,37041,606,140.36,281.2
corn stover,36013,4850,140.53,276
corn stover,36023,4976,140.55,276
corn stover,37137,4783,140.83,288.5
corn stover,13001,5644,141.12,451.3
corn stover,48119,24506,141.63,484.9
corn stover,13017,692,141.75,451.3
corn stover,29183,9008,141.92,312.1
corn stover,13261,7030,142.04,447.4
corn stover,48369,52729,142.08,577.2
corn stover,27115,19104,142.26,284.6
corn stover,37177,9563,142.34,297
corn stover,13287,2592,142.49,452.5
corn stover,13155,1864,143.30,465
corn stover,13177,22344,143.37,460.6
corn stover,17013,1873,143.37,297.6
corn stover,29189,1060,143.94,328.3
corn stover,55065,26435,144.38,569.7
corn stover,13069,5948,144.50,465.3
corn stover,37019,2495,144.77,275.5
corn stover,48119,12253,145.28,609.6
corn stover,13243,3010,145.63,471.9
corn stover,13321,1666,145.63,470.5
corn stover,20179,75907,145.75,319.8
corn stover,17083,26278,145.80,314.1
corn stover,22077,3313,146.28,276.4
corn stover,13305,3570,146.63,476.8
corn stover,37095,18294,147.00,321.9
corn stover,13003,4314,147.44,482.3
corn stover,13095,1780,147.48,479.6
corn stover,13277,848,147.80,473.1
corn stover,37139,2376,147.88,312.6
corn stover,48113,3796,148.08,418.7
corn stover,13229,2282,148.11,481.5
corn stover,37031,12622,148.67,315.7
corn stover,55049,29957,148.86,636.1
corn stover,13019,3732,148.87,485.3
corn stover,42049,18034,149.19,336.8
corn stover,17117,5237,149.21,325.8
corn stover,13037,26444,149.66,488.2
corn stover,13075,1712,150.05,492.9
corn stover,21221,12937,150.19,294.4
corn stover,17119,8817,150.44,362.3
corn stover,13099,5598,150.63,498.8
corn stover,13205,6974,150.97,498.6
corn stover,39009,1442,151.13,338.8
corn stover,55043,1551,151.57,604
corn stover,20063,34141,152.17,338.7
corn stover,26041,1278,152.89,349.3
corn stover,13253,32114,154.19,505.8
corn stover,13027,11522,155.08,519.1
corn stover,39115,408,155.09,340
corn stover,13087,4676,155.59,513.4
corn stover,36009,22976,156.71,365.8
corn stover,39053,272,157.91,368
corn stover,54053,612,159.92,373.2
corn stover,20119,169717,162.62,575.3
corn stover,36029,9106,165.31,415.6
corn stover,36051,52923,168.51,440.8
corn stover,36121,28582,168.85,443.3
corn stover,36037,16496,169.86,455.7
corn stover,36063,10559,170.02,446.8
corn stover,36073,33741,172.42,469.2
corn stover,36111,1034,175.72,465.7
corn stover,21163,9290,178.06,475.9
corn stover,36069,26516,178.68,495.9
corn stover,36055,29668,179.36,491.4
corn stover,53077,43339,187.09,785.2
corn stover,20047,64168,187.32,667.4
corn stover,53021,16347,194.58,835.2
corn stover,36077,685,200.55,627.2
corn stover,36011,38924,201.64,600.8
corn stover,36067,18453,202.22,629.9
corn stover,17027,6999,202.75,577
corn stover,53025,34327,204.98,885.1
corn stover,36021,2100,205.05,625.9
corn stover,36095,691,205.37,639.8
corn stover,36053,10070,205.39,626.7
corn stover,36117,35008,206.11,618.8
corn stover,53077,86678,207.28,785.2
corn stover,36065,835,208.01,658.2
corn stover,36075,1823,209.09,662
corn stover,36083,1816,211.27,656.3
corn stover,56015,19040,211.62,819.1
corn stover,36043,4111,212.92,675
corn stover,36057,7806,213.54,668.2
corn stover,36045,11148,215.38,708.9
corn stover,36091,6816,215.85,679.9
corn stover,48369,74457,216.08,801.5
corn stover,36115,4405,218.74,700.2
corn stover,53021,32694,220.76,835.2
corn stover,53025,68654,230.86,885.1
corn stover,36089,29068,231.20,777.7
corn stover,56013,979,231.96,1055.4
corn stover,36019,33448,236.57,814
corn stover,55095,25513,244.14,829.9
corn stover,31165,18955,249.40,1153
corn stover,8069,11093,251.63,1182.7
corn stover,56003,1243,252.94,1143.9
corn stover,56013,1958,258.23,1055.4
corn stover,8013,3570,259.51,1152.5
corn stover,48279,2429,266.29,1225.7
corn stover,30103,2470,272.00,1255.3
corn stover,30103,2470,272.00,1255.3
corn stover,8101,8995,272.42,1190.1
corn stover,8101,8995,272.42,1190.1
corn stover,8069,22186,278.05,1182.7
corn stover,31165,36848,278.11,1215.6
corn stover,48153,345,278.30,1282.6
corn stover,48153,345,278.30,1282.6
corn stover,55005,29579,278.47,1020.9
corn stover,55113,8002,280.55,1040.8
corn stover,56003,2486,282.74,1143.9
corn stover,8013,7140,284.52,1152.5
corn stover,48279,4858,285.44,1225.7
corn stover,55129,5007,285.83,1055.2
corn stover,55013,2957,289.71,1072.4
