fips,node_id
01001,101472
01003,98948
01005,114403
01007,142203
01009,88118
01011,100941
01013,72448
01015,122577
01017,77343
01019,68238
01021,145026
01023,104472
01025,119778
01027,58624
01029,113780
01031,145195
01033,69408
01035,130831
01037,91476
01039,145326
01041,121378
01043,105575
01045,116689
01047,107528
01049,59661
01051,137576
01053,86510
01055,143670
01057,77324
01059,129618
01061,115201
01063,69607
01065,69359
01067,146397
01069,119836
01071,97692
01073,141656
01075,128555
01077,111938
01079,124995
01081,76476
01083,86859
01085,90553
01087,102902
01089,121157
01091,59321
01093,90109
01095,85979
01097,77264
01099,89090
01101,141957
01103,128017
01105,69375
01107,111501
01109,93243
01111,141825
01113,128849
01115,103368
01117,105928
01119,94024
01121,94336
01123,118692
01125,80604
01127,141718
01129,120970
01131,80633
01133,94046
02013,119853
02020,82194
02050,106991
02068,99746
02090,104919
02100,105667
02105,146643
02110,86785
02122,98839
02130,60543
02150,127096
02158,121289
02170,115378
02180,126910
02185,124109
02195,86331
02198,86306
02220,72605
02230,146637
02240,99864
02261,101457
02275,86358
02290,78474
04001,131215
04003,94993
04005,100768
04007,112328
04009,113563
04011,87980
04012,127060
04013,87994
04015,123293
04017,78469
04019,89505
04021,75277
04023,130517
04025,123314
04027,75117
05001,71999
05003,113176
05005,109695
05007,128298
05009,112654
05011,136092
05013,104777
05015,72576
05017,135640
05019,68098
05021,109057
05023,93218
05025,129443
05027,93796
05029,123738
05031,92171
05033,107853
05035,130944
05037,105805
05039,128992
05041,113221
05043,137814
05045,109117
05047,107244
05049,68521
05051,80069
05053,128196
05055,119256
05057,147230
05059,93544
05061,125379
05063,67763
05065,86633
05067,107991
05069,81111
05071,78375
05073,132288
05075,143355
05077,122513
05079,81143
05081,110821
05083,68734
05085,67846
05087,128656
05089,135882
05091,68842
05093,100102
05095,99665
05097,113732
05099,125468
05101,103213
05103,95344
05105,90014
05107,105853
05109,141078
05111,144954
05113,61988
05115,135764
05117,136076
05119,126257
05121,86166
05123,113592
05125,134031
05127,87560
05129,79731
05131,142386
05133,80865
05135,114933
05137,58802
05139,141911
05141,78281
05143,100617
05145,121474
05147,120722
05149,98526
06001,120673
06003,100906
06005,133501
06007,123902
06009,73384
06011,111586
06013,95584
06015,112925
06017,103012
06019,114363
06021,145621
06023,109231
06025,130677
06027,91461
06029,109890
06031,79251
06033,135275
06035,84501
06037,75053
06039,116712
06041,83630
06043,83838
06045,90941
06047,125263
06049,113860
06051,93676
06053,86666
06055,85194
06057,122204
06059,130505
06061,79692
06063,135514
06065,109653
06067,72823
06069,106444
06071,95127
06073,79345
06075,82087
06077,119621
06079,146377
06081,136750
06083,72990
06085,116926
06087,142400
06089,86111
06091,58521
06093,141609
06095,93833
06097,76599
06099,127964
06101,131337
06103,117198
06105,90626
06107,126403
06109,93702
06111,74920
06113,104369
06115,105903
08001,98077
08003,75366
08005,141982
08007,107632
08009,136801
08011,107190
08013,81599
08014,84102
08015,84623
08017,61921
08019,129647
08021,135303
08023,83780
08025,84591
08027,66947
08029,90055
08031,81775
08033,141834
08035,135077
08037,82070
08039,137410
08041,135948
08043,84637
08045,90483
08047,124374
08049,146338
08051,136598
08053,111608
08055,87835
08057,129027
08059,78150
08061,135967
08063,129044
08065,116380
08067,68015
08069,114965
08071,145759
08073,94191
08075,129727
08077,141097
08079,99569
08081,77386
08083,95151
08085,82010
08087,93042
08089,103094
08091,105941
08093,74951
08095,104759
08097,74253
08099,75802
08101,79540
08103,93022
08105,118833
08107,111548
08109,58930
08111,68943
08113,82109
08115,61439
08117,78325
08119,135984
08121,131736
08123,113820
08125,125486
09001,119561
09003,77004
09005,122811
09007,60999
09009,96136
09011,83277
09013,98320
09015,103966
10001,136383
10003,80741
10005,96481
11001,81978
12001,132014
12003,122527
12005,111914
12007,97000
12009,134394
12011,70105
12013,84719
12015,146927
12017,75374
12019,126646
12021,122449
12023,121793
12027,83191
12029,99810
12031,98448
12033,102480
12035,108744
12037,91918
12039,141728
12041,74004
12043,83738
12045,144993
12047,115348
12049,132309
12051,67950
12053,60434
12055,75175
12057,146774
12059,121808
12061,137681
12063,130979
12065,113669
12067,114813
12069,88401
12071,110868
12073,145282
12075,115506
12077,134648
12079,127020
12081,84532
12083,128367
12085,99551
12086,74106
12087,104023
12089,132853
12091,120628
12093,80483
12095,68925
12097,128172
12099,72353
12101,92347
12103,89953
12105,118640
12107,113386
12109,82223
12111,120044
12113,133231
12115,123262
12117,94066
12119,92368
12121,125748
12123,125817
12125,125967
12127,60604
12129,60459
12131,60485
12133,132868
13001,118537
13003,98407
13005,136317
13007,132881
13009,145052
13011,112064
13013,76681
13015,88360
13017,122493
13019,84382
13021,135672
13023,96220
13025,59878
13027,127078
13029,120014
13031,106550
13033,96265
13035,137404
13037,89270
13039,101572
13043,90580
13045,68975
13047,103484
13049,62598
13051,125953
13053,83814
13055,133300
13057,132993
13059,95299
13061,88207
13063,61353
13065,120290
13067,129150
13069,105076
13071,111026
13073,61416
13075,69517
13077,95521
13079,79376
13081,93758
13083,141748
13085,99585
13087,133403
13089,67419
13091,101509
13093,116119
13095,103414
13097,105598
13099,89676
13101,113638
13103,128484
13105,114376
13107,110362
13109,106969
13111,145647
13113,85691
13115,60760
13117,142463
13119,67911
13121,119100
13123,147358
13125,137029
13127,143087
13129,75144
13131,135288
13133,124657
13135,107050
13137,83035
13139,89200
13141,85711
13143,86528
13145,74441
13147,76041
13149,124973
13151,97854
13153,142332
13155,124090
13157,136469
13159,96529
13161,121437
13163,101700
13165,124923
13167,99618
13169,107021
13171,59902
13173,122537
13175,128225
13177,146447
13179,113930
13181,72434
13183,76709
13185,120318
13187,137585
13189,58717
13191,142415
13193,62009
13195,128976
13197,96379
13199,83759
13201,127225
13205,133770
13209,124640
13211,105763
13213,122333
13215,90657
13217,134854
13219,126995
13221,123702
13223,78742
13225,101654
13229,108704
13231,108960
13233,62625
13235,117336
13237,132235
13239,122755
13241,126190
13243,121058
13245,111468
13247,114081
13249,119458
13251,74478
13253,131278
13255,137348
13257,109607
13259,108976
13261,94608
13263,99084
13265,67967
13267,136660
13269,124341
13271,127134
13273,61308
13275,132923
13277,85805
13279,70222
13281,115813
13283,89243
13285,109198
13287,120400
13289,102775
13291,80503
13293,76581
13295,125086
13297,74785
13299,117591
13301,124892
13303,100552
13305,112084
13307,107011
13309,106612
13311,101674
13313,137107
13315,115583
13317,136708
13319,83077
13321,108639
15001,133818
15003,73950
15005,120325
15007,120339
15009,133203
16001,111330
16003,93264
16005,126323
16007,136812
16009,84187
16011,104141
16013,81717
16015,115305
16017,103453
16019,76653
16021,136806
16023,89757
16025,143681
16027,145249
16029,136014
16031,111619
16033,69619
16035,113506
16037,72326
16039,82737
16041,68949
16043,120000
16045,67728
16047,135341
16049,80365
16051,60226
16053,72237
16055,62770
16057,132219
16059,110952
16061,123463
16063,143438
16065,69094
16067,96840
16069,85166
16071,113435
16073,129058
16075,115843
16077,80926
16079,115849
16081,80800
16083,127610
16085,95314
16087,131725
17001,85473
17003,125899
17005,66868
17007,117184
17009,66883
17011,72093
17013,120677
17015,137505
17017,114071
17019,131712
17021,132847
17023,80003
17025,61087
17027,96825
17029,73622
17031,82502
17033,74938
17035,74762
17037,84785
17039,92255
17041,86557
17043,126897
17045,131729
17049,73853
17051,111991
17053,86070
17055,77123
17057,76239
17059,82518
17061,109175
17063,106931
17065,89991
17067,60827
17069,104596
17071,141922
17073,108802
17075,85582
17077,144778
17079,120408
17081,130313
17083,68456
17085,97061
17087,111605
17089,102970
17091,96295
17093,81879
17095,136501
17097,128967
17099,115245
17101,130546
17103,84211
17105,100962
17107,130150
17109,107930
17111,137193
17113,62674
17115,76941
17117,129871
17119,123155
17121,121031
17123,117455
17125,100499
17127,108546
17129,88344
17131,73734
17133,124918
17135,76854
17137,117321
17139,113440
17141,112844
17143,131455
17145,111529
17147,69571
17149,111426
17151,69806
17153,122972
17155,93161
17157,111053
17159,88097
17161,80836
17163,87436
17165,127617
17167,114478
17169,93648
17171,87888
17173,111974
17175,85121
17177,94785
17179,114887
17181,96213
17183,117101
17185,62141
17187,121134
17189,87469
17191,102920
17193,92239
17195,129917
17197,121600
17199,97170
17201,112293
17203,111451
18001,142662
18003,62339
18005,78727
18007,62039
18009,143650
18011,121716
18013,106827
18015,80939
18017,80903
18019,106831
18021,127525
18023,96812
18025,113409
18027,127684
18029,130849
18031,75496
18033,129547
18035,115491
18037,75519
18039,99397
18041,142141
18043,100199
18045,111953
18047,77428
18049,88458
18051,81730
18053,108731
18055,91957
18057,74350
18059,97053
18061,103451
18063,144767
18065,86790
18067,130533
18069,62191
18071,130870
18073,59866
18075,122354
18077,99150
18079,127602
18081,94288
18083,104492
18085,120689
18087,101611
18089,73530
18091,74315
18093,145353
18095,135181
18097,135606
18099,62389
18101,133268
18103,134614
18105,134419
18107,81448
18109,108653
18111,67880
18113,127182
18115,61395
18117,67355
18119,95691
18121,137387
18123,61653
18125,130572
18127,89837
18129,74730
18131,106038
18133,135336
18135,97585
18137,75988
18139,91979
18141,109368
18143,75763
18145,134199
18147,120433
18149,110303
18151,59937
18153,127049
18155,115162
18157,74034
18159,113094
18161,76364
18163,92473
18165,84411
18167,99370
18169,62297
18171,73229
18173,69127
18175,143231
18177,133435
18179,72873
18181,127162
18183,141576
19001,83804
19003,131333
19005,145710
19007,98970
19009,116278
19011,87059
19013,80538
19015,117903
19017,137652
19019,126920
19021,94307
19023,125151
19025,75163
19027,67642
19029,146935
19031,67340
19033,129336
19035,121447
19037,84772
19039,83600
19041,126024
19043,93851
19045,73314
19047,126313
19049,94500
19051,115297
19053,62270
19055,115259
19057,121733
19059,91496
19061,85332
19063,125591
19065,83619
19067,115864
19069,137394
19071,124190
19073,129344
19075,111544
19077,142858
19079,137294
19081,84805
19083,117695
19085,69753
19087,131119
19089,72334
19091,131471
19093,146665
19095,125112
19097,90391
19099,118560
19101,69906
19103,104624
19105,116621
19107,109162
19109,69643
19111,124153
19113,90603
19115,132400
19117,134426
19119,131292
19121,70098
19123,97716
19125,95186
19127,115088
19129,94403
19131,110344
19133,131375
19135,132830
19137,107941
19139,133240
19141,137754
19143,127593
19145,121240
19147,73074
19149,118849
19151,67719
19153,113897
19155,118987
19157,85605
19159,73090
19161,114563
19163,121754
19165,86984
19167,145613
19169,109739
19171,132819
19173,120953
19175,108539
19177,102438
19179,130647
19181,83696
19183,142868
19185,90066
19187,69793
19189,146355
19191,112231
19193,125881
19195,75648
19197,107376
20001,86543
20003,136485
20005,90686
20007,116630
20009,93928
20011,109751
20013,106528
20015,96579
20017,119785
20019,141504
20021,88683
20023,90041
20025,125029
20027,113110
20029,91443
20031,133531
20033,98553
20035,78340
20037,119915
20039,61619
20041,128468
20043,60394
20045,97729
20047,130049
20049,132407
20051,69351
20053,134628
20055,129732
20057,104543
20059,82580
20061,91529
20063,103289
20065,99835
20067,137772
20069,145361
20071,74418
20073,60144
20075,67704
20077,131369
20079,130212
20081,125038
20083,134653
20085,147114
20087,121252
20089,96979
20091,88480
20093,134339
20095,126181
20097,131258
20099,87566
20101,69533
20103,141310
20105,113645
20107,104709
20109,116695
20111,67623
20113,75237
20115,80373
20117,137050
20119,134657
20121,101439
20123,96992
20125,129752
20127,115282
20129,100214
20131,133342
20133,104637
20135,123586
20137,133352
20139,80111
20141,124162
20143,121765
20145,76994
20147,66745
20149,84258
20151,69413
20153,121429
20155,143690
20157,60574
20159,122553
20161,69011
20163,142137
20165,81416
20167,93144
20169,125598
20171,97107
20173,146673
20175,132825
20177,94113
20179,130714
20181,85366
20183,113655
20185,127130
20187,81460
20189,97211
20191,100722
20193,121368
20195,71522
20197,145910
20199,68492
20201,131680
20203,137117
20205,123993
20207,120250
20209,99783
21001,69163
21003,60090
21005,132940
21007,119397
21009,133460
21011,145571
21013,113516
21015,108388
21017,69436
21019,146454
21021,106879
21023,112242
21025,114839
21027,128032
21029,107507
21031,105722
21033,143597
21035,118172
21037,122693
21039,108595
21041,129635
21043,112394
21045,145372
21047,130603
21049,134109
21051,88810
21053,58536
21055,73058
21057,122708
21059,97771
21061,66848
21063,92918
21065,106904
21067,97253
21069,142574
21071,106581
21073,134734
21075,130198
21077,69188
21079,143799
21081,100224
21083,97911
21085,124937
21087,77412
21089,104686
21091,97295
21093,130235
21095,91513
21097,69214
21099,120460
21101,104941
21103,119670
21105,115170
21107,113459
21109,118294
21111,130111
21113,98571
21115,146978
21117,84746
21119,73300
21121,118069
21123,125856
21125,124275
21127,73763
21129,81473
21131,117437
21133,133980
21135,119728
21137,120481
21139,127208
21141,105297
21143,117490
21145,115881
21147,133846
21149,134673
21151,86381
21153,125613
21155,141960
21157,120271
21159,87081
21161,111873
21163,145481
21165,136580
21167,119691
21169,145381
21171,98583
21173,125791
21175,73798
21177,73815
21179,145505
21181,145929
21183,110974
21185,132963
21187,145524
21189,87118
21191,133857
21193,70021
21195,114806
21197,97791
21199,122208
21201,79998
21203,133285
21205,129368
21207,145390
21209,62229
21211,127276
21213,128062
21215,133873
21217,96384
21219,127774
21221,119790
21223,133290
21225,115934
21227,115018
21229,108422
21231,60333
21233,147302
21237,77634
21239,134437
22001,142781
22003,127709
22005,142715
22007,112764
22009,108474
22011,145399
22013,125053
22015,125579
22017,115049
22019,59539
22021,66829
22023,117705
22025,110383
22027,94835
22029,134912
22031,114314
22033,118364
22035,86246
22037,86261
22039,94919
22041,147131
22043,76900
22045,121267
22047,91818
22049,76069
22051,117639
22053,81727
22055,85049
22057,133228
22059,103509
22061,77895
22063,134943
22065,137079
22067,107487
22069,124015
22071,141635
22073,129559
22075,107458
22077,103302
22079,108058
22081,115608
22083,93964
22085,117284
22087,86277
22089,144935
22091,129600
22093,105881
22095,129581
22097,99927
22099,94003
22101,133084
22103,117670
22105,59810
22107,67653
22109,124052
22111,59594
22113,86137
22115,109435
22117,116090
22119,105243
22121,135370
22123,134639
22125,130905
22127,108787
23001,62718
23003,143148
23005,126099
23007,136535
23009,134770
23011,111109
23013,134830
23015,124216
23017,115724
23019,109549
23021,122957
23023,69263
23025,145407
23027,103563
23029,77710
23031,108890
24001,67191
24003,92796
24005,82813
24009,88523
24011,136133
24013,87020
24015,73178
24017,129293
24019,89364
24021,93626
24023,105205
24027,103601
24029,119872
24031,106267
24033,102705
24035,106474
24037,118412
24039,117451
24041,109565
24043,133953
24045,112351
24047,62104
24510,67569
25001,73417
25003,92975
25005,93345
25007,89690
25009,135037
25011,147164
25013,91358
25015,60042
25017,101247
25019,84312
25021,144716
25023,146024
25025,60206
25027,78981
26001,79676
26003,68502
26005,134124
26007,60324
26009,84144
26011,124144
26013,78003
26015,83414
26017,123770
26019,106045
26021,87209
26023,133539
26025,113753
26027,130689
26029,136601
26031,125762
26033,76617
26035,60551
26037,76819
26039,128841
26041,142341
26043,121548
26045,130629
26047,124168
26049,112749
26051,125771
26053,85941
26055,127695
26057,108532
26059,105266
26061,134869
26063,117550
26067,118082
26069,117556
26071,77575
26073,142510
26075,84279
26077,127631
26079,94880
26081,118447
26083,134346
26085,82263
26087,94801
26089,61183
26091,147346
26093,98031
26095,84830
26097,129665
26099,120379
26101,131283
26103,60923
26105,96608
26107,114768
26109,59836
26111,130255
26113,131767
26115,127149
26117,122371
26119,87352
26121,141313
26123,68662
26125,131923
26127,100819
26129,88077
26131,77755
26133,133016
26135,87356
26137,114546
26139,82265
26141,112967
26143,84428
26145,122630
26147,97460
26149,77093
26151,70250
26153,68308
26155,96968
26157,99828
26159,73714
26161,101582
26163,70283
26165,110661
27001,71468
27003,109285
27005,85957
27007,89312
27009,111894
27011,142232
27013,142240
27015,134161
27017,121881
27019,146473
27021,107624
27023,105080
27025,87109
27027,82603
27029,142114
27031,118300
27033,80463
27035,113530
27037,108311
27039,73346
27041,136164
27043,121322
27045,62450
27047,73367
27049,92298
27051,119742
27053,132672
27055,145920
27057,72684
27059,111626
27061,94167
27063,73330
27065,100832
27067,77615
27069,126984
27071,81487
27073,62524
27075,109185
27077,104127
27079,116498
27081,106945
27083,91652
27085,66900
27087,132555
27089,87817
27091,129803
27093,99479
27095,61694
27097,131518
27099,110024
27101,110033
27103,134545
27105,71434
27107,86969
27109,77165
27111,107398
27113,112556
27115,123919
27117,131949
27119,144880
27121,74817
27123,110779
27125,137516
27127,144892
27129,131997
27131,114986
27133,77647
27135,147367
27137,117800
27139,84015
27141,116177
27143,76553
27145,116138
27147,137248
27149,124874
27151,136612
27153,68692
27155,114063
27157,112890
27159,112267
27161,79728
27163,113256
27165,81697
27167,111041
27169,88625
27171,82001
27173,114654
28001,134679
28003,76860
28005,113713
28007,109717
28009,73042
28011,84923
28013,112779
28015,77771
28017,60504
28019,82237
28021,118374
28023,95175
28025,130764
28027,121671
28029,111725
28031,106793
28033,141762
28035,94083
28037,130772
28039,97037
28041,112788
28043,128048
28045,115554
28047,121826
28049,141325
28053,119757
28055,71566
28057,134714
28059,122599
28061,58902
28063,134076
28065,143196
28067,142033
28069,68066
28071,76881
28073,75968
28075,142219
28077,108757
28079,130725
28081,130891
28083,121520
28085,78504
28087,75737
28089,147379
28091,97022
28093,125022
28095,102462
28097,80655
28099,130785
28101,89858
28103,120702
28105,104988
28107,122719
28109,84665
28111,84683
28113,110926
28115,107467
28117,110245
28119,130261
28121,96888
28123,103403
28125,91844
28127,95549
28129,115824
28131,95566
28133,132649
28135,90672
28137,108483
28139,82686
28141,129689
28143,78670
28145,61666
28147,142491
28149,88647
28151,71541
28153,118572
28155,147139
28157,130700
28159,119636
28161,94846
28163,107618
29001,117021
29003,88655
29005,76918
29007,119172
29009,110749
29011,59375
29013,146595
29015,137834
29017,95666
29019,78052
29021,86846
29023,91806
29025,113376
29027,125636
29029,147255
29031,129392
29033,137213
29035,129247
29037,79429
29039,95280
29041,93005
29043,75921
29045,108353
29047,121654
29049,135992
29051,87190
29053,121529
29055,107415
29057,133077
29059,99705
29061,131270
29063,141593
29065,141116
29067,79570
29069,142444
29071,92491
29073,105698
29075,116719
29077,127828
29079,82255
29081,78686
29083,58914
29085,110731
29087,106650
29089,83874
29091,130029
29093,81213
29095,115797
29097,97772
29099,125911
29101,66775
29103,61100
29105,92033
29107,107698
29109,72046
29111,113415
29113,125927
29115,124624
29117,61111
29119,76389
29121,131238
29123,66959
29125,71955
29127,90316
29129,141411
29133,129423
29135,125213
29137,142503
29139,88666
29141,127564
29143,147211
29145,74707
29147,123749
29149,99261
29151,102943
29153,89038
29155,145533
29157,132602
29159,141484
29161,110224
29163,82890
29165,86810
29167,112206
29169,116645
29171,135371
29173,88167
29175,96554
29177,90496
29179,72786
29181,114863
29183,106417
29185,141367
29186,107890
29187,135953
29189,117119
29195,92220
29197,129022
29199,133330
29201,82939
29203,131794
29205,131625
29207,116101
29209,83444
29211,123579
29213,124316
29215,126225
29217,137378
29219,114995
29221,85240
29223,94628
29225,80422
29227,108492
29229,119002
29510,145635
30001,147190
30003,106752
30005,120489
30007,106603
30009,118514
30011,81841
30013,97129
30015,67460
30017,112818
30019,145255
30021,130227
30023,136241
30025,126028
30027,105030
30029,97191
30031,86448
30033,77130
30035,132528
30037,116804
30039,107805
30041,133883
30043,136183
30045,120879
30047,132591
30049,69920
30051,88135
30053,107571
30055,126914
30059,68005
30061,134885
30063,141497
30065,61454
30067,124778
30069,137206
30071,141403
30073,76145
30075,131138
30077,120908
30079,145698
30081,136695
30083,113142
30085,125164
30087,68263
30089,107208
30091,142170
30093,94768
30095,127750
30097,69277
30099,129857
30101,119020
30103,134096
30105,137091
30107,136510
30109,114609
30111,135245
31001,77139
31003,105684
31005,104600
31007,70086
31009,116722
31011,99243
31013,97363
31015,61684
31017,67464
31019,125126
31021,114194
31023,146812
31025,85824
31027,137148
31029,123621
31031,147178
31033,129791
31035,129273
31037,146481
31041,84702
31043,61167
31045,87305
31047,104518
31049,137693
31051,117925
31053,123239
31055,95217
31057,74226
31059,127010
31061,119863
31063,142174
31065,133379
31067,103335
31069,129850
31071,93986
31073,102446
31075,113424
31077,73248
31079,142151
31081,142159
31083,131134
31085,104754
31087,80680
31089,66758
31091,130420
31093,133485
31095,73267
31097,105611
31099,80667
31101,59508
31103,69770
31105,81887
31107,145683
31109,58358
31111,108114
31113,108553
31115,142163
31117,100464
31119,99540
31121,108562
31123,137826
31125,145543
31127,84228
31129,58372
31131,79877
31133,110366
31135,146328
31137,59513
31139,96193
31141,96330
31143,86908
31145,100477
31147,132841
31149,100480
31151,73284
31153,110993
31155,116163
31157,76405
31159,127896
31161,108576
31163,108502
31165,106786
31167,118498
31169,137256
31171,62411
31173,97480
31175,133890
31177,131477
31179,89723
31181,60809
31183,119710
31185,127296
32001,60796
32003,62799
32005,91911
32007,110629
32009,134336
32011,104744
32013,61889
32015,112214
32017,126884
32019,110856
32021,76213
32023,84932
32027,132544
32029,119469
32031,119417
32033,92268
32510,94544
33001,146621
33003,116447
33005,87780
33007,89798
33009,74644
33011,120818
33013,105368
33015,118782
33017,142281
33019,85545
34001,146163
34003,126853
34005,89589
34007,68439
34009,87737
34011,122192
34013,124597
34015,120767
34017,101951
34019,137364
34021,146800
34023,93116
34025,109009
34027,123503
34029,112609
34031,132560
34033,134001
34035,111576
34037,61589
34039,77214
34041,128402
35001,133731
35003,59288
35005,130430
35006,89549
35007,87372
35009,105956
35011,58327
35013,93716
35015,100447
35017,86697
35019,116794
35021,94314
35023,95015
35025,128529
35027,114628
35028,98779
35029,116550
35031,122474
35033,99230
35035,59264
35037,132260
35039,123029
35041,111182
35043,88778
35045,114218
35047,76439
35049,130450
35051,137792
35053,98379
35055,84902
35057,119302
35059,68282
35061,145686
36001,81232
36003,67322
36005,146032
36007,121992
36009,116557
36011,85156
36013,129105
36015,127918
36017,131424
36019,90430
36021,128422
36025,141378
36027,79490
36029,106181
36031,75618
36033,130364
36035,132635
36037,125996
36039,85738
36041,78415
36043,85888
36045,90356
36047,127541
36049,99097
36051,137727
36053,94219
36055,120142
36057,112521
36059,92421
36061,128253
36063,126595
36065,116331
36067,131058
36069,101387
36071,145804
36073,114269
36075,68191
36077,79798
36079,107137
36081,125729
36083,122430
36085,104081
36087,135847
36089,72735
36091,67062
36093,145880
36095,121916
36097,73697
36099,124249
36101,59705
36103,76347
36105,113010
36107,119030
36109,81056
36111,68340
36113,88255
36115,94266
36117,126436
36119,95819
36121,127937
36123,118861
37001,60123
37003,87728
37005,84471
37007,105652
37009,141828
37011,92512
37013,77460
37015,117358
37017,114445
37019,142094
37021,135495
37023,125294
37025,80408
37027,69080
37029,81033
37031,84249
37033,98648
37035,114833
37037,58961
37039,114754
37041,135447
37043,145777
37045,93476
37047,146234
37049,105402
37051,79627
37053,130541
37055,146056
37057,61057
37059,125405
37061,108228
37063,69731
37065,122271
37067,94505
37069,67510
37071,116765
37073,103084
37075,100283
37077,95992
37079,117418
37081,111300
37083,88724
37085,113063
37087,108260
37089,137670
37091,112482
37093,79861
37095,115854
37097,112420
37099,112167
37101,116827
37103,133320
37105,113074
37107,99324
37109,68771
37111,125418
37113,115126
37115,72213
37117,136684
37119,124559
37121,120898
37123,143123
37125,93907
37127,141443
37129,118100
37131,77373
37133,121315
37135,106019
37137,97873
37139,84872
37141,119337
37143,115341
37145,71514
37147,118504
37149,113033
37151,73125
37153,79840
37155,68611
37157,136035
37159,77561
37161,105541
37163,89894
37165,113042
37167,117381
37169,83577
37171,145087
37173,92312
37175,145066
37177,114971
37179,120570
37181,143579
37183,126697
37185,96350
37187,105629
37189,90163
37191,125331
37193,86764
37195,107736
37197,125243
37199,124854
38001,97863
38003,76539
38005,82866
38007,105675
38009,79588
38011,84976
38013,69684
38015,77529
38017,104570
38019,103201
38021,76509
38023,95037
38025,133489
38027,143384
38029,86082
38031,107829
38033,131937
38035,74262
38037,117604
38039,93811
38041,144800
38043,89810
38045,89748
38047,85916
38049,89706
38051,96316
38053,120594
38055,107310
38057,76020
38059,135432
38061,106723
38063,90407
38065,133004
38067,109359
38069,137495
38071,71495
38073,123760
38075,130321
38077,112863
38079,134090
38081,72705
38083,88443
38085,62419
38087,93936
38089,84822
38091,92465
38093,131774
38095,126484
38097,89153
38099,61718
38101,78875
38103,93453
38105,104560
39001,82984
39003,58664
39005,99513
39007,100867
39009,122091
39011,125542
39013,129208
39015,78539
39017,61246
39021,85492
39023,89469
39025,132347
39027,117747
39029,128106
39031,146316
39033,76960
39035,136910
39037,95421
39039,120988
39041,94464
39043,117074
39045,137465
39047,60004
39049,134246
39051,75342
39053,146249
39057,98720
39059,83378
39061,126738
39063,58578
39065,131748
39067,87687
39069,74561
39071,77015
39073,90474
39075,127577
39077,136302
39079,101027
39081,122145
39083,137633
39085,59073
39087,82914
39089,141864
39091,79203
39093,117851
39095,100058
39097,131655
39099,102827
39101,111381
39103,146083
39105,133576
39107,146956
39109,90778
39111,81396
39113,123641
39115,61767
39117,107785
39119,84599
39121,132422
39123,86945
39125,72852
39127,112024
39129,84036
39131,80578
39133,61834
39135,100991
39137,132469
39139,85405
39141,129896
39143,122909
39145,72173
39147,136209
39149,145228
39151,102023
39153,143020
39155,80157
39157,104050
39159,136835
39161,83723
39163,72257
39165,137328
39167,129998
39169,85648
39171,136773
39173,136409
39175,146414
40001,59007
40003,69965
40005,88330
40007,125141
40009,113819
40011,97541
40013,129267
40015,78122
40017,60655
40019,84847
40021,114639
40023,128451
40027,112984
40029,81827
40031,112676
40033,85221
40035,114507
40037,98202
40039,111347
40041,109142
40043,125273
40045,111514
40047,147327
40049,114176
40051,142893
40053,133621
40055,85129
40057,95259
40059,69550
40061,141534
40063,75664
40065,107197
40067,121211
40069,112138
40071,95462
40073,132617
40075,98611
40077,129974
40079,124453
40081,74408
40083,116304
40085,102759
40087,124397
40089,85788
40091,131884
40093,107277
40095,67138
40097,81672
40099,135195
40101,75865
40103,103264
40105,137025
40107,122976
40109,112122
40111,88429
40113,114726
40115,76744
40117,121944
40119,145296
40121,116394
40123,98181
40125,98251
40127,112894
40129,128491
40131,78028
40133,90839
40135,59623
40137,131413
40139,131311
40141,115117
40143,131849
40145,113133
40147,88948
40149,106003
40151,92898
40153,131328
41001,73677
41003,77795
41005,61956
41007,67268
41009,106673
41011,88238
41013,60866
41015,135977
41017,118963
41019,103127
41021,112600
41023,88224
41025,108326
41027,107366
41029,70060
41031,137524
41033,110906
41035,68134
41037,89044
41039,96933
41041,108828
41043,88916
41045,93067
41047,83897
41049,68678
41051,72635
41053,120918
41055,124649
41057,95504
41059,137057
41061,97818
41063,58819
41065,120935
41067,146523
41069,91791
41071,132378
42001,127321
42003,131565
42005,146149
42007,58866
42009,87516
42011,91583
42013,110705
42015,87155
42017,132074
42019,80284
42021,97979
42023,79902
42025,110405
42027,132746
42029,102243
42031,75461
42033,76787
42035,88838
42037,89438
42039,142828
42041,128705
42043,61493
42045,126512
42047,106762
42049,111654
42051,113305
42053,59764
42055,128772
42057,85013
42059,69318
42061,87262
42063,77856
42065,73466
42067,114095
42069,98120
42071,143499
42073,87642
42075,132509
42077,127822
42079,128825
42081,132181
42083,114141
42085,92092
42087,121362
42089,103170
42091,123421
42093,125676
42095,127976
42097,97403
42099,77934
42101,80980
42103,141140
42105,131360
42107,93423
42109,74064
42111,111224
42113,96855
42115,141160
42117,61142
42119,142726
42121,142979
42123,125357
42125,141236
42127,67037
42129,146901
42131,99293
42133,105476
44001,137416
44003,146990
44005,137434
44007,105057
44009,101814
45001,123207
45003,90905
45005,127337
45007,94673
45009,84340
45011,143610
45013,96667
45015,80051
45017,142535
45019,116985
45021,124823
45023,62490
45025,146504
45027,127734
45029,119205
45031,86288
45033,133309
45035,79918
45037,118015
45039,129778
45041,106711
45043,144793
45045,104293
45047,82566
45049,119990
45051,123348
45053,134468
45055,102986
45057,125824
45059,91225
45061,127637
45063,92638
45065,134509
45067,116049
45069,84171
45071,91730
45073,118311
45075,109953
45077,96763
45079,135145
45081,71891
45083,110509
45085,109791
45087,134524
45089,75559
45091,142625
46003,119845
46005,105561
46007,109401
46009,109300
46011,121620
46013,97309
46015,79954
46017,124670
46019,135056
46021,108512
46023,137127
46025,73907
46027,96401
46029,108938
46031,143558
46033,105327
46035,116181
46037,141584
46039,70043
46041,95480
46043,62073
46045,130796
46047,126962
46049,134864
46051,145651
46053,143568
46055,93170
46057,130319
46059,132143
46061,94144
46063,108519
46065,127722
46067,60849
46069,127664
46071,104419
46073,75485
46075,105636
46077,85835
46079,98626
46081,77454
46083,120222
46085,104337
46087,77302
46089,136589
46091,145658
46093,135576
46095,124679
46097,75476
46099,58475
46101,61542
46102,137062
46103,119970
46105,120955
46107,126034
46109,112811
46111,142875
46115,133635
46117,119362
46119,81746
46121,115095
46123,142847
46125,115953
46127,137550
46129,85182
46135,96678
46137,77961
47001,136251
47003,73580
47005,134147
47007,127754
47009,86422
47011,121868
47013,67483
47015,136522
47017,95623
47019,91635
47021,137536
47023,87871
47025,116195
47027,73603
47029,115982
47031,110946
47033,137266
47037,127397
47039,143643
47041,75416
47043,109244
47045,143265
47047,144921
47049,133519
47051,134902
47053,143292
47055,99957
47057,121335
47059,109318
47061,72669
47063,145010
47065,59220
47067,116000
47069,94963
47071,116036
47073,84970
47075,82639
47077,132795
47079,108169
47081,78654
47083,99270
47085,100492
47087,88082
47089,81632
47091,129178
47093,115672
47095,80021
47097,73638
47099,84125
47101,145589
47103,127237
47105,73886
47107,98014
47109,133032
47111,93180
47113,141798
47115,60294
47117,128595
47119,143717
47121,124283
47123,67693
47125,107307
47127,89942
47129,62059
47131,118121
47133,117533
47135,113232
47137,134169
47139,129836
47141,78836
47143,117404
47145,102378
47147,118247
47149,69498
47151,143548
47153,100725
47155,129820
47157,123855
47159,69826
47161,92575
47163,91171
47165,72529
47167,135350
47169,69993
47171,110440
47173,86000
47175,98229
47177,79981
47179,91696
47181,97352
47183,127793
47185,60355
47187,113985
47189,121182
48001,145584
48003,90736
48005,71865
48007,84364
48009,119441
48011,58639
48013,126169
48015,131262
48017,125626
48019,68246
48021,122632
48023,119450
48025,132781
48027,68032
48029,81559
48031,143237
48033,132598
48035,137424
48037,90251
48039,123597
48041,67114
48043,134498
48045,77744
48047,113965
48049,116225
48051,132622
48053,107877
48055,91429
48057,59398
48059,137763
48061,145737
48063,121199
48065,94571
48067,108134
48069,133896
48071,122743
48073,119155
48075,114858
48077,59440
48079,110675
48081,117512
48083,78448
48085,123191
48087,106908
48089,106920
48091,84301
48093,107553
48095,117507
48097,109902
48099,83796
48101,118585
48103,78598
48105,129701
48107,69580
48109,126046
48111,114390
48113,129504
48115,101343
48117,121609
48119,69978
48121,124769
48123,71585
48125,130991
48127,62433
48129,111900
48131,88146
48133,71561
48135,124684
48137,89025
48139,108687
48141,129962
48143,83004
48145,98499
48147,60377
48149,77656
48151,117278
48153,86350
48155,94378
48157,76110
48159,88247
48161,121348
48163,104607
48165,90046
48167,100910
48169,91066
48171,131904
48173,107217
48175,137656
48177,60256
48179,107919
48181,69287
48183,135816
48185,112724
48189,58602
48191,119272
48193,136112
48195,122733
48197,124907
48199,122759
48203,77987
48205,146330
48207,116286
48209,96585
48211,85144
48213,100686
48215,68557
48217,129710
48219,145044
48221,119351
48223,81236
48225,81362
48227,147391
48229,108024
48231,114686
48233,131301
48235,113365
48237,85099
48239,102750
48241,122297
48243,114898
48245,67990
48247,61906
48249,146350
48251,88190
48253,112708
48255,87846
48257,87960
48259,85724
48261,132596
48263,129847
48265,60408
48267,129659
48269,132273
48271,76718
48273,89823
48275,95323
48277,74086
48279,131251
48281,141186
48283,131009
48285,137015
48287,119050
48289,74243
48291,122034
48293,124704
48295,106664
48297,125203
48299,145765
48301,129964
48303,99457
48305,79744
48307,129676
48309,72296
48311,74749
48313,119593
48315,121893
48317,90226
48319,145771
48321,124869
48323,89490
48325,96601
48327,58510
48329,97097
48331,120420
48333,80210
48335,114699
48337,116211
48339,145744
48341,142524
48343,141192
48345,96909
48347,101770
48349,113948
48351,145035
48353,66968
48355,121084
48357,78589
48359,80221
48361,59957
48363,124963
48365,145563
48367,76494
48369,92870
48371,101641
48373,117916
48375,90803
48377,98686
48379,137767
48381,83649
48383,78265
48385,94412
48387,124863
48389,120537
48391,61214
48393,137686
48395,131897
48397,70263
48399,121406
48401,83673
48403,80563
48405,119464
48407,85258
48409,142478
48411,132607
48413,69040
48415,124371
48417,85303
48419,107400
48421,125494
48423,131833
48425,132475
48427,128477
48429,136671
48431,104386
48433,74527
48435,75814
48437,102934
48439,102576
48441,146279
48443,121415
48445,94299
48447,123691
48449,93862
48451,132190
48453,146699
48455,133711
48457,98220
48459,141514
48461,81850
48463,125499
48465,131349
48467,111741
48469,97432
48471,100734
48473,89063
48475,135962
48477,79519
48479,143110
48481,86285
48483,142451
48485,96941
48487,135973
48489,98738
48491,108689
48493,127001
48495,104401
48497,106982
48499,114716
48501,132375
48503,118668
48505,146435
48507,70080
49001,122304
49003,82653
49005,62554
49007,132042
49009,116729
49011,80432
49013,69945
49015,114579
49017,104729
49019,144808
49021,134315
49023,131382
49025,97606
49027,87899
49029,87944
49031,111858
49033,58993
49035,103694
49037,135320
49039,134363
49041,104455
49043,112191
49045,144812
49047,127455
49049,127482
49051,136005
49053,106735
49055,129380
49057,90301
50001,141301
50003,126625
50005,123076
50007,133127
50009,89122
50011,60901
50013,128070
50015,97500
50017,75204
50019,147092
50021,89639
50023,135559
50025,147050
50027,133676
51001,118027
51003,118200
51005,75712
51007,121048
51009,74887
51011,128616
51013,106340
51015,111772
51017,107422
51019,99201
51021,135235
51023,123104
51025,143256
51027,75695
51029,76957
51031,133555
51033,145605
51035,106390
51036,104450
51037,91672
51041,142738
51043,118276
51045,78435
51047,141522
51049,109765
51051,121038
51053,120034
51057,75531
51059,136205
51061,91864
51063,72893
51065,128879
51067,97523
51069,144857
51071,100335
51073,80845
51075,85347
51077,99426
51079,86583
51081,118588
51083,112453
51085,68471
51087,95674
51089,69850
51091,142258
51093,91774
51095,59458
51097,72550
51099,131955
51101,87827
51103,146579
51105,137782
51107,141353
51109,134185
51111,89073
51113,88304
51115,130999
51117,147279
51119,73433
51121,59143
51125,128146
51127,99064
51131,142120
51133,76086
51135,128381
51137,85769
51139,124431
51141,87344
51143,99719
51145,84087
51147,132032
51149,143330
51153,102147
51155,120552
51157,74850
51161,111748
51163,126456
51165,141558
51167,69057
51169,102741
51171,113356
51173,111176
51175,135787
51177,142260
51179,59818
51181,61199
51183,109345
51185,141123
51187,141771
51191,111253
51193,125232
51195,129241
51197,100517
51199,141478
51510,69884
51520,121398
51530,97440
51540,72072
51550,90948
51570,146297
51580,75184
51590,112045
51595,74381
51600,94737
51610,84510
51620,97082
51630,130373
51640,132237
51650,144837
51660,97150
51670,112282
51678,114914
51680,134013
51683,141884
51685,106349
51700,107167
51710,120516
51720,123489
51730,135527
51735,59402
51740,113269
51750,91882
51760,83533
51770,90199
51775,59107
51790,123618
51800,135906
51810,146551
51820,72595
51830,124363
51840,108195
53001,133070
53003,114053
53005,116996
53007,112940
53009,102402
53011,134585
53013,96795
53015,125192
53017,116513
53019,114598
53021,146654
53023,118281
53025,131975
53027,124722
53029,102102
53031,88578
53033,118949
53035,137178
53037,97561
53039,123954
53041,67292
53043,136721
53045,141416
53047,101868
53049,119319
53051,107342
53053,143424
53055,123956
53057,142024
53059,147333
53061,100424
53063,101889
53067,145669
53069,58314
53071,129396
53073,112584
53075,137221
53077,100562
54001,97323
54003,124747
54005,73024
54007,110643
54009,135214
54011,78261
54013,135230
54015,99122
54017,116417
54019,100356
54021,134063
54023,113343
54025,121018
54027,93873
54029,87177
54031,91078
54033,95966
54035,82725
54037,102115
54039,142927
54041,144870
54043,135256
54045,100309
54047,95927
54049,122178
54051,82701
54053,134053
54055,102354
54057,86025
54059,145902
54061,83097
54063,115157
54065,141556
54067,133614
54069,141554
54071,124421
54073,100319
54075,59417
54077,88963
54079,61557
54081,130409
54083,122172
54085,121226
54087,112256
54089,124501
54091,130241
54093,97622
54095,116487
54097,126209
54099,147404
54101,92866
54103,67211
54105,116425
54107,92547
54109,109827
55001,108340
55003,86055
55007,92569
55009,123976
55011,144846
55013,119283
55015,118050
55017,120242
55019,142588
55021,142066
55023,97666
55025,117169
55027,116600
55029,146206
55031,122223
55033,66931
55035,100712
55037,112247
55039,92832
55041,101917
55043,135409
55045,107098
55047,76134
55049,131501
55051,112887
55053,67246
55055,119225
55057,143538
55059,82061
55061,92884
55063,66811
55065,88925
55067,94367
55069,130328
55071,146200
55073,110570
55075,134561
55077,123269
55078,145550
55079,83975
55081,115322
55083,101733
55085,86214
55087,107676
55089,91131
55091,131155
55093,62576
55095,107078
55097,92615
55099,134596
55101,116249
55103,128504
55105,96709
55107,143753
55109,142946
55111,58758
55113,101935
55115,116259
55117,91293
55119,110005
55121,104358
55123,81178
55125,89290
55127,76176
55129,88562
55131,92013
55133,143774
55135,88987
55137,86613
55139,130171
55141,129070
56001,125647
56003,78627
56005,105748
56007,94743
56009,85850
56011,91277
56013,61379
56015,143741
56017,79660
56019,127677
56021,114041
56023,59350
56025,108609
56027,131942
56029,125684
56031,116725
56033,128684
56035,142558
56037,91050
56039,135394
56041,61871
56043,81015
56045,121105
72001,91097
72003,88596
72005,94866
72007,133364
72009,96358
72011,113519
72013,123475
72015,126409
72017,125025
72019,89983
72021,98747
72023,104143
72025,130740
72027,130758
72029,78706
72031,127036
72033,133371
72035,126365
72037,105007
72039,75946
72041,113693
72043,89316
72045,133135
72047,105013
72049,75380
72051,75388
72053,69599
72054,128565
72055,89346
72059,135712
72061,125011
72063,115530
72065,115543
72069,104189
72071,128342
72073,77505
72075,131148
72077,104221
72079,129534
72081,90711
72083,134697
72085,58435
72087,113427
72089,142188
72091,110890
72093,94868
72095,108322
72097,78070
72099,106807
72101,134115
72103,79399
72105,68219
72107,107122
72109,110335
72111,97188
72113,97645
72115,60687
72117,100173
72119,130811
72123,79357
72125,126421
72127,74513
72129,107588
72131,131586
72133,76837
72135,107603
72139,77241
72141,121837
72143,117896
72145,101330
72147,113225
72149,124761
72153,91013
78010,99036
78020,105735
78030,60699
